model,accuracy,precision,recall,f1,roc_auc,mcc,tn,fp,fn,tp
Gradient Boosting,0.85,0.5909090909090909,0.38235294117647056,0.4642857142857143,0.7763997165131112,0.3939364240019135,157,9,21,13
Logistic Regression,0.755,0.3684210526315789,0.6176470588235294,0.46153846153846156,0.8058114812189936,0.3334983207546703,130,36,13,21
XGBoost,0.825,0.48148148148148145,0.38235294117647056,0.4262295081967213,0.7941176470588235,0.32758767618146484,152,14,21,13
K-Nearest Neighbors,0.85,0.6666666666666666,0.23529411764705882,0.34782608695652173,0.6847980155917789,0.33405133000288634,162,4,26,8
Random Forest,0.825,0.46153846153846156,0.17647058823529413,0.2553191489361702,0.78756201275691,0.20463655862866298,159,7,28,6
